,question,topics,popular,specific,GT,GT_exact,GT_direct,GT_variant,GT_link,GT_file,last_updated,comments
,how many politicians are there in the world,"[""occupation"",""politician""]",0,0,"[8800000, 9800000]",no,no,1,https://politics.stackexchange.com/questions/64084/what-is-the-number-of-elected-politicians-at-all-levels-in-the-world,,2023,deriving same estimation with updated numbers from unwomen.org
,how many physicists are there in the world,"[""occupation"",""physicist""]",0,0,"[372000, 964000]",no,no,1,https://physicstoday.scitation.org/do/10.1063/PT.5.010310/full/,,2015,
,how many journalists are there in the world,"[""occupation"",""journalist""]",0,0,600000,no,yes,1,https://www.ifj.org/who/about-ifj.html,,2019,may be more
,how many researchers are there in the world,"[""occupation"",""researcher""]",0,0,9000000,no,yes,1,https://www.unesco.org/reports/science/2021/en/statistics,,2021,
,how many fashion designers are there in the world,"[""occupation"",""fashion designer""]",0,0,140000,no,yes,1,"[https://www.quora.com/How-many-fashion-designers-are-there-in-the-world, https://fashionunited.com/global-fashion-industry-statistics, https://edgexpo.com/industry-statistics/]",,2021,mix of old and new data
,how many architects are there in the world,"[""occupation"",""architect""]",0,0,2700000,no,yes,1,https://architizer.com/blog/inspiration/industry/how-many-architects-are-in-the-world/,,2014,
,how many nurses are there in the world,"[""occupation"",""nurse""]",0,0,27000000,no,yes,1,https://www.who.int/news-room/fact-sheets/detail/nursing-and-midwifery,,2022,
,how many publishers are there in the world,"[""organization"",""publisher""]",0,0,22870,no,yes,1,https://www.publishersglobal.com/,,2022,
,how many animation studios are there in the world,"[""organization"",""animation studio""]",0,0,316,no,no,0.75,https://en.wikipedia.org/wiki/List_of_animation_studios,,2021,
,how many tea companies are there in the world,"[""organization"",""tea company""]",0,0,785,no,no,0.75,https://steepeddreams.com/tea-company-directory,tea_company.csv,2022,
,how many fast food restaurants are there in the world,"[""organization"",""fast food restaurant""]",0,0,541642,no,yes,1,https://www.ibisworld.com/global/number-of-businesses/global-fast-food-restaurants/1480/#,,2022,
,how many board games are there in the world,"[""creative_work"",""board game""]",0,0,"[73000, 100000]",no,yes,1,"[https://boardgamegeek.com/thread/2556595/number-games-published-year, https://www.reddit.com/r/boardgames/comments/5rzrq7/how_many_different_board_games_are_there_in_the/, https://www.quora.com/How-many-different-board-games-are-there-altogether-since-the-very-first-one]",,2016-2020,
,how many video games are there in the world,"[""creative_work"",""video game""]",0,0,"[93880, 1181019]",no,yes,1,"[https://webtribunal.net/blog/how-many-video-games-are-there/,https://remarkablecoder.com/how-many-video-games-exist/]",,2019-2022,"Steam is the main source, which alongwith other sites bring the total to <100,000. If app store and PlayStore are included then the numbers increse drastically by a few 100,000s."
,how many plays are there in the world,"[""creative_work"",""play""]",0,0,"[17527,]",no,no,1,"[https://theatricalia.com/plays,https://guides.lib.umich.edu/c.php?g=282830&p=1884570]",,,https://theatricalia.com/plays: has an alphabetical list but automatic scrapper is needed to count the entries
,how many scientific papers are there in the world,"[""creative_work"",""scientific paper""]",0,0,120000000,no,yes,1,https://pubmed.ncbi.nlm.nih.gov/31144712/,,2019,Microsoft academic graph provides a lower bound
,how many national dances are there in the world,"[""creative_work"",""national dance""]",0,0,317,no,no,1,https://en.wikipedia.org/wiki/List_of_national_dances,,2022,
,how many religious texts are there in the world,"[""creative_work"",""religious text""]",0,0,"[30,]",no,no,0.75,"[http://quickgs.com/list-of-world-religions-religious-books-place-of-worship/,https://en.wikipedia.org/wiki/List_of_religious_texts]",,,"Texts from 17 religions, excluding religious movements. May be underrepresented"
,how many technological inventions are there in the world,"[""creative_work"",""technological invention""]",0,0,737,no,no,1,https://en.wikipedia.org/wiki/Timeline_of_historic_inventions,,2022,"Maybe more, but this is the most comprehensive list"
,how many rivers are there in the world,"[""geographical_entity"",""river""]",0,0,308015,no,yes,0.25,"[https://www.hydrosheds.org/products/hydrorivers, Mapping the world's free-flowing rivers (Grill et al., 2019)]",,2019,
,how many islands are there in the world,"[""geographical_entity"",""island""]",0,0,997809,no,no,0.25,"[http://www.island-database.uni-hamburg.de/search.php, https://en.wikipedia.org/wiki/List_of_countries_by_number_of_islands]",islands.csv,2021,
,how many volcanoes are there in the world,"[""geographical_entity"",""volcano""]",0,0,12327,no,no,0.25,https://volcano.si.edu/database/search_volcano_results.cfm,GVP_Volcano_List.xls,2022,
,how many lakes are there in the world,"[""geographical_entity"",""lake""]",0,0,21152400,no,yes,0.25,"[https://www.hydrosheds.org/products/hydrolakes, https://www.nature.com/articles/ncomms13603]",,2016,
,how many glacial lakes are there in the world,"[""geographical_entity"",""lake""]",0,0,14394,no,yes,0.25,https://www.nature.com/articles/s41558-020-0855-4,,2020,
,how many glacial lakes are there in India,"[""geographical_entity"",""freshwater lake""]",0,0,4418,no,yes,0.25,https://bioone.org/journals/mountain-research-and-development/volume-41/issue-1/MRD-JOURNAL-D-20-00043.1/Sectorwise-Assessment-of-Glacial-Lake-Outburst-Flood-Danger-in-the/10.1659/MRD-JOURNAL-D-20-00043.1.full,,2021,
,how many man-made reservoirs are there in the world,"[""geographical_entity"",""man-made reservoir""]",0,0,16700000,no,yes,1,https://esajournals.onlinelibrary.wiley.com/doi/abs/10.1890/100125?casa_token=GXNLWGHE2lIAAAAA:1LbLJ-zW7Nu3_AAlsLv7ybU0abc8K6GOVuWRumCk3HsIbO446wO5OExM9sQtK4J_SJn15M19gYR-pQ,,2011,
,how many coastal lagoons are there in the world,"[""geographical_entity"",""coastal lagoon""]",0,0,32000,no,yes,0.25,https://www.sciencedirect.com/science/article/abs/pii/S0012825215300684,,2016,
,how many lakes are there in Switzerland,"[""geographical_entity"",""lake""]",0,0,7000,no,yes,0.25,https://en.wikipedia.org/wiki/List_of_lakes_of_Switzerland,,2014,
,how many lakes are there in Russia,"[""geographical_entity"",""lake""]",0,0,2800000,no,yes,0.25,https://link.springer.com/referenceworkentry/10.1007/978-1-4020-4410-6_198,,2012,
,how many lakes are there in Sweden,"[""geographical_entity"",""lake""]",0,0,100000,no,yes,0.25,https://www.smhi.se/kunskapsbanken/hydrologi/sveriges-sjoar-1.4221,,2023,
,how many coastal lagoons are there in the Mediterranean region,"[""geographical_entity"",""coastal lagoon""]",0,0,400,no,yes,0.25,https://medwet.org/2017/01/lagoons-and-coastal-risk/,,2017,
,how many coastal lagoons are there in Mexico,"[""geographical_entity"",""coastal lagoon""]",0,0,125,no,yes,0.25,https://www.sciencedirect.com/science/article/abs/pii/B9780127518022500229,,1977,
,how many coastal lagoons are there in India,"[""geographical_entity"",""coastal lagoon""]",0,0,17,yes,yes,0.25,https://www.researchgate.net/publication/272151277_Coastal_Lagoon_Present_Status_and_Future_Challenges,,2013,
,how many castles are there in the world,"[""geographical_entity"",""castle""]",0,0,"[400000, 1300000]",no,yes,0.25,[https://qr.ae/pvcqsY],,2022,
,how many châteaus are there in France,"[""geographical_entity"",""château""]",0,0,45000,no,yes,0.25,https://en.wikipedia.org/wiki/List_of_castles_in_France,,?,
,how many lighthouses are there in the world,"[""geographical_entity"",""lighthouse""]",0,0,18700,no,yes,0.25,https://vividmaps.com/lighthouses-of-the-world/,,2018,
,how many submarine canyons are there,"[""geographical_entity"",""submarine_canyon""]",0,0,9477,no,yes,0.25,https://www.sciencedirect.com/science/article/pii/S0025322714000310#bb0135,,2014,
,how many film festivals in the world,"[""event"",""film festival""]",0,0,9706,no,yes,0.75,https://stephenfollows.com/many-film-festivals-are-in-the-world/,,2013,
,how many international film festivals in the world,"[""event"",""film festival""]",0,0,500,no,yes,0.75,"[https://www.theguardian.com/cities/2019/sep/11/do-film-festivals-help-or-hurt-their-host-cities-venice-sundance,https://en.wikipedia.org/wiki/List_of_film_festivals]",,2019,
,how many film studios in the world,"[""organization"",""film studio""]",0,0,16521,no,no,0.75,https://www.the-numbers.com/movies/production-companies/,,2023,
,how many libraries are there in the world,"[""organization"",""library""]",0,0,2600000,no,yes,0.75,https://spainsnews.com/how-many-libraries-are-there-all-over-the-world/,,2020,
,how many museums are there in the world,"[""organization"",""museum""]",0,0,103842,no,yes,0.75,https://www.statista.com/statistics/1201800/number-of-museums-worldwide-by-region/,,2021,
,how many data centers in the world,"[""man-made_object"",""data center""]",0,0,8000,no,yes,1,https://www.usitc.gov/publications/332/executive_briefings/ebot_data_centers_around_the_world.pdf,,2021,
,how many schools in the world,"[""organization"",""school""]",0,0,"[4000000,7000000]",no,yes,1,https://broadbandeverywhere.org/2020/03/20/how-many-schools-in-the-world-lack-internet,,2020,
,how many dams are there in the world,"[""geographical_entity"",""dam""]",0,0,59040,no,no,1,https://www.icold-cigb.org/article/GB/world_register/general_synthesis/number-of-dams-by-country-members,dams.csv,2023,
,how many highways are there in the world,"[""geographical_entity"",""highway""]",0,0,1200,no,no,0.75,https://en.wikipedia.org/wiki/List_of_countries_by_road_network_size,,2021,"Look at individual country page from the wikipedia list page and count the number of table/list entries for the top 10 countries + smaller more developed countries not in the top 10 (USA - 80, India- 87, China 34, Brazil - 12, Russia - 132, France-24, Canada - 27, Australia-12, Mexico-126, S.Africa - 15, Germany - 100, Spain - 81, UK - 30, Japan - 450) totalling ~1200 named highways"
,how many zoos are there in the world,"[""geographical_entity"",""zoo""]",0,0,10000,no,yes,0.25,"https://blog.goway.com/globetrotting/take-in-a-zoo-or-two-on-your-goway-vacation/#:~:text=There%20are%2C%20according%20to%20the,child%2C%20most%20people%20love%20zoos.",,2017,
,how many satellites are there in the world,"[""man-made_object"",""satellite""]",0,0,4852,yes,no,1,https://www.statista.com/statistics/264472/number-of-satellites-in-orbit-by-operating-country/,,2022,active man-made satellites orbiting the earth
,how many skyscrapers are there in the world,"[""man-made_object"",""skyscraper""]",0,0,6633,no,no,1,"[https://www.skyscrapercenter.com/countries,https://en.wikipedia.org/wiki/List_of_cities_with_the_most_skyscrapers]",,,
,how many artists make cover songs,"[""occupation"",""musician""]",0,0,197811,no,yes,1,https://secondhandsongs.com/,,2023,
,how many artists have recorded cover songs of Carole King,"[""occupation"",""musician""]",0,0,2856,no,yes,1,https://secondhandsongs.com/statistics/stats_most_covered_author?page=0&reverse=0&pageSize=100,,2023,
,how many astronauts are there in the world,"[""occupation"",""astronaut""]",0,1,"[638, 656]",no,yes,1,https://www.worldspaceflight.com/bios/stats.php,,2023,
,how many police officers are there in the world,"[""occupation"",""police officer""]",0,1,"[12000000, 14000000]",no,no,1,"[https://www.worldatlas.com/articles/list-of-countries-by-number-of-police-officers.html, https://en.wikipedia.org/wiki/List_of_countries_and_dependencies_by_number_of_police_officers]",,2007-2022,different update dates in WP
,how many NBA players are there in the world,"[""occupation"",""NBA player""]",0,1,4706,yes,yes,1,"https://coachingkidz.com/how-many-players-are-in-the-nba/#:~:text=There%20are%20approximately%20450%20players,for%20injuries%20or%20poor%20performance.",,2022,
,how many airline pilots are there in the world,"[""occupation"",""airline pilot""]",0,1,333000,no,yes,1,"[https://www.statista.com/statistics/740147/active-pilots-airline-industry/, https://en.wikipedia.org/wiki/Aircraft_pilot]",,2019,
,how many dentists are there in the world,"[""occupation"",""dentist""]",0,1,1600000,no,yes,1,https://www.sciencedirect.com/science/article/pii/S0020653920319742,,2018,
,how many association football clubs are there in the world,"[""organization"",""football club""]",0,1,3903,no,yes,0.75,https://soccerwhizz.com/football-club-numbers-worldwide/,,2019,professional clubs
,how many banks are there in the world,"[""organization"",""bank""]",0,1,44000,no,yes,0.75,https://www.extractable.com/insights/by-the-numbers-mega-banks-vs-community-banks/,,2018,
,how many airlines are there in the world,"[""organization"",""airline""]",0,1,5000,no,yes,0.75,https://en.wikipedia.org/wiki/Lists_of_airlines,,2018,
,how many coal power plants are there in the world,"[""organization"",""coal power plant""]",0,1,2220,no,no,0.75,https://www.statista.com/statistics/859266/number-of-coal-power-plants-by-country/,coal_power_plant.csv,2022,
,how many conglomerates are there in the world,"[""organization"",""conglomerate""]",0,1,3550,no,yes,0.75,"[https://en.wikipedia.org/wiki/List_of_conglomerates,https://www.forbes.com/lists/global2000/?sh=9b7e7965ac04,https://www.forbes.com/sites/isabelcontreras/2022/05/12/inside-the-global-2000-sales-and-profits-of-the-worlds-largest-companies-recovered-as-economies-reopened/?sh=62d433cf1141]",,2022,"936 in Wikipedia page, other source hard to find, Forbes suggests at least 3550 companies fulfilling all  constraints on specific sectors (sales, profits, assets and market value)"
,how many public libraries are there in the world,"[""organization"",""public library""]",0,1,291750,no,no,0.75,https://www.mapsofworld.com/answers/regions/country-public-libraries-world/#,,2018,
,how many cryptocurrency exchanges are there in the world,"[""organization"",""cryptocurrency exchange""]",0,1,504,no,yes,0.75,https://www.cryptimi.com/guides/how-many-cryptocurrency-exchanges-are-there,,2022,
,how many cooperatives are there in the world,"[""organization"",""cooperative""]",0,1,3000000,no,yes,1,https://www.ica.coop/en/cooperatives/facts-and-figures#,,2020?,
,how many travel agencies are there in the world,"[""organization"",""travel agency""]",0,1,201447,no,yes,1,https://www.statista.com/statistics/1179124/global-travel-agency-sector-key-data/#,,2023,
,how many mobile apps are there in the world,"[""creative_work"",""mobile app""]",0,1,8930000,no,yes,1,https://www.forbes.com/sites/johnkoetsier/2020/02/28/there-are-now-89-million-mobile-apps-and-china-is-40-of-mobile-app-spending/?sh=58585a521dd5,,2020,
,how many patents are there in the world,"[""creative_work"",""patent""]",0,1,15900000,no,yes,1,https://www.wipo.int/pressroom/en/articles/2021/article_0011.html,,2020,"patents in force, not applications"
,how many animation feature films are there in the world,"[""creative_work"",""animation feature film""]",0,1,8740,no,no,1,"[https://www.imdb.com/search/title/?title_type=feature&genres=animation,https://en.wikipedia.org/wiki/Lists_of_animated_feature_films]",,2023,
,how many websites are there in the world,"[""creative_work"",""website""]",0,1,"[1600000000,2000000000]",no,yes,1,"[https://webtribunal.net/blog/how-many-websites/#gref,https://www.internetlivestats.com/total-number-of-websites/]",,2022,
,how many deserts are there in the world,"[""geographical_entity"",""desert""]",0,1,98,yes,no,0.25,https://en.wikipedia.org/wiki/List_of_deserts,deserts.txt,2022,
,how many world heritage sites are there in the world,"[""geographical_entity"",""world heritage site""]",0,1,1154,yes,no,0.75,https://whc.unesco.org/en/syndication,world_heritage_sites_unesco-2021.xls,2021,
,how many nuclear power plants are there in the world,"[""geographical_entity"",""nuclear power plant""]",0,1,437,yes,yes,0.25,"[https://www.statista.com/statistics/263945/number-of-nuclear-power-plants-worldwide/, https://en.wikipedia.org/wiki/List_of_commercial_nuclear_reactors]",,2021,"operational power plants, there are also under construction, planned and proposed"
,how many national parks are there in the world,"[""geographical_entity"",""national park""]",0,1,3369,yes,no,0.25,https://en.wikipedia.org/wiki/List_of_national_parks,national_parks.csv,2022,
,how many ancient civilizations are there in the world,"[""geographical_entity"",""ancient civilization""]",0,1,87,yes,no,0.25,https://www.britannica.com/topic/list-of-ancient-civilizations-2079395,ancient_civilization.csv,2020,
,how many species of fungi are there in the world,"[""species"",""fungus""]",0,1,"[2200000,3800000]",no,yes,0.75,[https://en.wikipedia.org/wiki/Fungus],,2017,"total population is an estimation (hence range) by DL Hawksworth, the number dicovered is 148,000"
,how many species of birds are there in the world,"[""species"",""bird""]",0,1,18043,yes,yes,0.75,"[https://www.pnas.org/doi/full/10.1073/pnas.2023170118,https://en.wikipedia.org/wiki/List_of_birds,https://www.ncbi.nlm.nih.gov/pmc/articles/PMC5120813/]",birds.xlsx,2021,"total number of species is an estimation, actual may be higher, number recorded is 9700"
,how many species of snakes are there in the world,"[""species"",""snake""]",0,1,4000,no,no,0.75,"[https://en.wikipedia.org/wiki/Snake,https://reptile-database.reptarium.cz/advanced_search?taxon=snake&submit=Search]",,2021,
,how many species of insects are there in the world,"[""species"",""insect""]",0,1,"[6000000,10000000]",no,yes,0.75,"[https://en.wikipedia.org/wiki/Insect,https://www.si.edu/spotlight/buginfo/bugnos]",,2018,roughly 1500000 insects are known
,how many species of mammals are there in the world,"[""species"",""mammal""]",0,1,6400,no,yes,0.75,"[https://en.wikipedia.org/wiki/Mammal,",,2018,this number is currently recognised extant species
,how many species of spiders are there in the world,"[""species"",""spider""]",0,1,50000,no,yes,0.75,"[https://en.wikipedia.org/wiki/Spider,https://wsc.nmbe.ch/statistics/]",,2022,
,how many species of bacteria are there in the world,"[""species"",""bacteria""]",0,1,"[100000000,10000000000]",no,yes,0.75,"[https://en.wikipedia.org/wiki/Bacteria,https://www.ncbi.nlm.nih.gov/pmc/articles/PMC539005/]",,2002,"estimate range is very high, number known is 35498"
,how many species of butterflies are there in the world,"[""species"",""butterfly""]",0,1,18500,no,yes,0.75,https://en.wikipedia.org/wiki/Butterfly,,2015,
,how many species of amphibians are there in the world,"[""species"",""amphibian""]",0,1,8000,no,yes,0.75,https://en.wikipedia.org/wiki/Amphibian,,2019,known species
,how many species of grasses are there in the world,"[""species"",""grass""]",0,1,12000,no,yes,0.75,https://en.wikipedia.org/wiki/Poaceae,,2016,
,how many species of phytoplanktons are there in the world,"[""species"",""phytoplankton""]",0,1,5000,no,yes,0.75,https://en.wikipedia.org/wiki/Phytoplankton,,2003,known species
,how many species of bees are there in the world,"[""species"",""bee""]",0,1,16000,no,yes,0.75,https://en.wikipedia.org/wiki/Bee,,2006,
,how many space stations are there in the world,"[""man-made_object"",""space station""]",0,1,2,yes,yes,0.25,https://en.wikipedia.org/wiki/Space_station,,2022,
,how many submarines are there in the world,"[""man-made_object"",""submarine""]",0,1,"[485,514]",no,no,0.25,https://worldpopulationreview.com/country-rankings/submarines-by-country,submarines_by_country.csv,2022,sources differ
,how many oil tankers are there in the world,"[""man-made_object"",""oil tanker""]",0,1,8883,yes,yes,0.25,https://www.statista.com/statistics/1326758/number-of-oil-tankers-worldwide/,,2021,
,how many observatories are there in the world,"[""man-made_object"",""observatory""]",0,1,950,yes,no,0.25,https://www.go-astronomy.com/observatories.htm,,2021,
,how many spacecrafts are there in the world,"[""man-made_object"",""spacecraft""]",0,1,6854,yes,yes,0.75,https://www.thespacereview.com/article/1598/1,,2009,
,how many helicopters are there in the world,"[""man-made_object"",""helicopter""]",0,1,69728,yes,yes,1,https://www.scmo.net/faq/2019/8/9/how-many-helicopter-is-there-in-the-world,,2018,
,how many wind turbines are there in the world,"[""man-made_object"",""wind turbine""]",0,1,341000,no,yes,1,https://www.cnbc.com/2017/09/08/there-are-over-341000-wind-turbines-on-the-planet-why-they-matter.html,,2016,
,how many formula one circuits are there in the world,"[""man-made_object"",""formula one circuit""]",0,1,77,yes,no,0.75,https://en.wikipedia.org/wiki/List_of_Formula_One_circuits,,2022,
,how many merchant ships are there in the world,"[""man-made_object"",""merchant ship""]",0,1,58000,no,yes,1,"[https://www.statista.com/statistics/264024/number-of-merchant-ships-worldwide-by-type/, https://www.thomasnet.com/insights/container-shipping-by-the-numbers/]",,2022,
,how many percussion instruments are there in the world,"[""man-made_object"",""percussion instrument""]",0,1,500,no,yes,1,"[https://www.konserthuset.se/en/play/the-orchestras-instruments-the-percussion/#,https://en.wikipedia.org/wiki/List_of_percussion_instruments]",,?,
,how many industrial robots are there in the world,"[""man-made_object"",""industrial robot""]",0,1,3000000,no,yes,1,https://ifr.org/ifr-press-releases/news/robot-sales-rise-again,,2021,
,how many international dark sky places are there in Germany,"[""geographical_entity"",""dark sky place""]",0,1,7,yes,no,0.25,https://darksky.org/what-we-do/international-dark-sky-places/all-places/,,2023,
,how many countries are in the auroral zone,"[""geographical_entity"",""auroral zone""]",0,1,9,yes,no,0.25,"[https://en.wikipedia.org/wiki/Aurora,https://www.nature.com/articles/s41598-022-25704-2]",,2023,"count the number of countries within the defined coordinates:{Antarctica, USA, Canada, Iceland, Greenland, Norway, Sweden, Finland, Russia}"
,how many rack railways in the world,"[""man-made_objects"",""rack railway""]",0,1,104,yes,no,0.25,[https://en.wikipedia.org/wiki/List_of_rack_railways],,2023,includes operating and non-functional
,how many awards by the association for computing machinery,"[""man-made_object"",""award""]",0,1,25,yes,no,0.75,https://awards.acm.org/list-of-awards,,2023,
,how many music releases are there,"[""creative_work"",""music""]",1,0,16700000,no,yes,1,https://www.discogs.com/search/?type=all,,2023,
,how many paintings are there in the world,"[""creative_work"",""painting""]",1,0,"[100000, ]",no,yes,1,https://artsandculture.google.com/category/medium,,2022,"In billions, at least 100,000 in google's art and cultute curated list"
,how many churches are there in the world,"[""organization"",""church""]",1,0,"[8000000,16000000]",no,yes,1,https://thecompletepilgrim.com/many-churches-denominations-america-world/,,2022,
,how many cathedrals are there in the world,"[""organization"",""church""]",1,0,3081,no,yes,0.75,http://www.gcatholic.org/churches/cath.htm,,2021,
,how many books are there in the world,"[""creative_work"",""book""]",1,0,130000000,no,yes,1,https://en.wikipedia.org/wiki/Google_Books,,2010,Estimate by Google
,how many actors are there in the world,"[""occupation"",""actor""]",1,0,4700000,no,no,1,[https://developer.imdb.com/non-commercial-datasets/],name.basics.tsv,2023,awk to count all entries without a death date and 'actor' or 'actress' in primary profession
,how many lawyers are there in the world,"[""occupation"",""lawyer""]",1,0,3500000,no,no,1,https://www.answers.com/Q/What_country_in_the_world_has_most_lawyers_per_capita,,2015,"estimated guess: given than US has 1M lawyers and India = US = Europe, china has 500,000 "
,how many lawyers in Canada,"[""occupation"",""lawyer""]",1,0,136000,no,yes,1,https://flsc.ca/about-us/,,2023,
,how many lawyers in Brazil,"[""occupation"",""lawyer""]",1,0,1300000,no,yes,1,https://oliveiralawyers.com/brazilian-lawyers/,,2023,
,how many lawyers in UAE,"[""occupation"",""lawyer""]",1,0,783,yes,no,1,https://www.moj.gov.ae/en/open-data/statistics.aspx#page=1,,2016,
,how many school teachers are there in the world,"[""occupation"",""school teacher""]",1,0,85000000,no,yes,1,"https://www.worldbank.org/en/topic/teachers#:~:text=There%20are%20close%20to%2085%20million%20teachers%20worldwide%3A,in%20upper%20secondary%3B%20and%2012.5%20in%20tertiary%20education.",,2014,
,how many programming languages have been created,"[""creative_work"",""language""]",1,0,8945,yes,yes,0.75,https://hopl.info/,,2023,
,how many software developers are there in the world,"[""occupation"",""software developer""]",1,0,25600000,no,yes,1,https://www.statista.com/statistics/627312/worldwide-developer-population/,,2022,
,how many Python developers are there in the world,"[""occupation"",""developer""]",1,0,15700000,no,no,1,https://www.statista.com/statistics/1241923/worldwide-software-developer-programming-language-communities/,,2022,
,how many PHP developers are there in the world,"[""occupation"",""developer""]",1,0,7900000,no,no,1,https://www.statista.com/statistics/1241923/worldwide-software-developer-programming-language-communities/,,2022,
,how many Rust developers are there in the world,"[""occupation"",""developer""]",1,0,2200000,no,no,1,https://www.statista.com/statistics/1241923/worldwide-software-developer-programming-language-communities/,,2022,
,how many software developers are there in India,"[""occupation"",""software developer""]",1,0,9750000,no,yes,1,https://www.business-standard.com/article/companies/9-75-million-developers-in-india-use-github-2nd-largest-after-us-122111000493_1.html,,2022,
,how many universities are there in the world,"[""organization"",""university""]",1,0,31097,no,no,1,"[https://www.webometrics.info/en/distribution_by_country, https://www.statista.com/statistics/918403/number-of-universities-worldwide-by-country/]",universities.csv,2021,
,how many hospitals are there in the world,"[""organization"",""hospital""]",1,0,140000,no,no,1,"[https://www.nationmaster.com/nmx/ranking/number-of-hospital, http://www.stats.gov.cn/tjsj/ndsj/2021/indexeh.htm, https://pib.gov.in/PressReleasePage.aspx?PRID=1539877]",hospitals.csv,2018-2021,oecd 34 countries + china + india + oecd 34 as a proxy for rest
,how many films are there in the world,"[""creative_work"",""film""]",1,0,649692,no,yes,1,"[https://www.imdb.com/pressroom/stats/, https://en.wikipedia.org/wiki/Wikipedia:How_many_films, https://storyality.wordpress.com/2012/12/17/storyality-19-how-many-movies-are-there/]",,2023,"We define films as feature films, Wikipedia has 73k movie pages"
,how many Italians have won the Oscars,"[""demographics""]",1,0,68,no,no,1,https://www.statista.com/statistics/591307/academy-awards-italian-winners-italy/,,2021,
,how many movie theaters in the world,"[""organization"",""movie theater""]",1,0,208000,no,yes,1,https://www.statista.com/statistics/271861/number-of-digital-cinema-screens-worldwide/,,2021,
,how many songs are there in the world,"[""creative_work"",""song""]",1,0,"[97000000,230000000]",no,yes,1,https://www.musicianwave.com/how-many-songs-are-there-in-the-world/,,2018,"NOT authoritative. In millions, spotify: 100m, "
,how many songs did Bob Dylan write for other artists,"[""creative_work"",""song""]",1,0,500,no,yes,0.25,https://www.britannica.com/biography/Bob-Dylan-American-musician,,2023,
,how many artists have recorded cover versions of Beatles songs,"[""occupation"",""muscisian""]",1,0,9296,no,yes,1,https://secondhandsongs.com/statistics/stats_most_covered_performer?page=0&reverse=0&pageSize=100,,2023,
,how many artists have recorded cover versions of Bob Dylan songs,"[""occupation"",""muscisian""]",1,0,4266,no,yes,1,https://secondhandsongs.com/statistics/stats_most_covered_author?page=0&reverse=0&pageSize=100,,2023,
,how many artists have recorded cover versions of Taylor Swift songs,"[""occupation"",""muscisian""]",1,0,477,no,yes,1,https://secondhandsongs.com/statistics/stats_most_covered_performer?page=1&reverse=0&pageSize=100,,2023,
,how many artists have recorded cover versions of John Lennon songs,"[""occupation"",""muscisian""]",1,0,9724,no,yes,1,https://secondhandsongs.com/statistics/stats_most_covered_author?page=0&reverse=0&pageSize=100,,2023,
,how many music awards are there,"[""man-made_object"",""award""]",1,0,116,no,no,0.25,https://en.wikipedia.org/wiki/Music_award,,2023,
,how many cities are there in the world,"[""geographical_entity"",""city""]",1,0,42905,no,yes,1,"[https://simplemaps.com/data/world-cities,http://travel.fyicenter.com/index.php?K=4]",worldcities.csv,2022,
,how many species of plants are there in the world,"[""species"",""plant""]",1,0,"[390000,437500]",no,no,0.75,"[https://en.wikipedia.org/wiki/Plant,https://bionumbers.hms.harvard.edu/bionumber.aspx?s=n&v=0&id=113395]",,2020,"roughly 350,000 are known"
,how many species of trees are there in the world,"[""species"",""tree""]",1,0,"[60000,100000]",no,yes,0.75,https://en.wikipedia.org/wiki/Tree,,2021,
,how many beaches are there in the world,"[""geographical_entiy"",""beach""]",1,0,372000,no,yes,0.25,https://littleeagles.edu.vn/how-many-beaches-are-there-in-the-world,,2023,
,how many beaches are there in Germany,"[""geographical_entity"",""beach""]",1,0,402,no,yes,0.25,https://beachsearcher.com/en/germany,,2023,
,how many beaches are there in Spain,"[""geographical_entity"",""beach""]",1,0,3000,no,yes,0.25,https://fascinatingspain.com/place-to-visit/the-best-of/13-longest-beaches-in-spain/,,2023,
,how many AI startups were founded in 2022,"[""organization"",""startup""]",1,0,956,no,no,1,https://www.sortlist.com/datahub/reports/ai-startups/,,2023,
,how many AI startups were founded in the US,"[""organization"",""startup""]",1,0,14700,no,yes,1,https://tracxn.com/explore/Artificial-Intelligence-Startups-in-United-States,,2023,
,how many AI startups were founded in China in 2022,"[""organization"",""startup""]",1,0,52,no,yes,1,https://www.sortlist.com/datahub/reports/ai-startups/,,2023,
,how many AI researchers are there,"[""occupation"",""researcher""]",1,0,300000,no,yes,1,https://www.stateofai2019.com/chapter-6-the-war-for-talent,,2017,
,how many professional theaters are there in the UK,"[""organization"",""theater""]",1,0,300,no,yes,0.25,https://assets.publishing.service.gov.uk/government/uploads/system/uploads/attachment_data/file/193581/Creative_Industries_Mapping_Document_Performing_Arts.pdf,,?,
,how many smartphones are there in the world,"[""man-made_object"",""smartphone""]",1,0,6259000000,no,yes,1,https://www.statista.com/statistics/330695/number-of-smartphone-users-worldwide/,,2021,
,how many bicycles are there in the world,"[""man-made_object"",""bicycle""]",1,0,1000000000,no,yes,1,https://www.bicycle-guider.com/bike-facts-stats/,,2022,
,how many sports are there in the world,"[""event"",""sport""]",1,0,8000,no,yes,0.25,https://en.wikipedia.org/wiki/List_of_sports,,2023,
,how many sports are there in the Olympics,"[""event"",""sport""]",1,0,40,yes,yes,0.25,https://olympics.com/en/sports/,,2023,
,how many hotels are there in the world,"[""organization"",""hotel""]",1,0,187000,no,yes,1,https://www.zippia.com/advice/hotel-industry-statistics,,2023,
,how many luxury hotels in the world,"[""organization"",""hotel""]",1,0,4400,no,yes,0.75,https://www.condorferries.co.uk/hotel-industry-statistics,,2023,
,how many coal mines are there in the world,"[""organization"",""coal mine""]",1,0,4500,no,no,0.75,https://www.gem.wiki/Global_Coal_Mine_Tracker,,2023,
,how many artists performed in Lollapalooza 2023,"[""occupation"",""artist""]",1,0,170,no,yes,1,https://www.timeout.com/chicago/music/lollapalooza-lineup,,2023,
,how many airports are there in the world,"[""geographical_entity"",""airport""]",1,0,41821,no,no,0.75,http://www.citypopulation.de/en/world/bymap/airports/,,2013,
,how many international airports are there,"[""geographical_entity"",""airport""]",1,0,1400,no,no,0.25,https://en.wikipedia.org/wiki/International_airport,,2020,
,how many international airports are there in the US,"[""geographical_entity"",""airport""]",1,1,118,yes,yes,0.25,https://euflightcompensation.com/how-many-international-airports-are-in,,2018,
,how many species of fish are there in the world,"[""species"",""fish""]",1,1,34800,no,yes,0.75,"[https://en.wikipedia.org/wiki/Diversity_of_fish,https://en.wikipedia.org/wiki/Fish]",,2022,
,how many film studios are owned by Disney,"[""organization"",""film studio""]",1,1,7,yes,no,0.75,https://en.wikipedia.org/wiki/Walt_Disney_Studios_(division),,2023,
,how many films are produced by Disney,"[""creative_work"",""film""]",1,1,812,yes,no,1,https://d23.com/list-of-disney-films/,,2023,
,how many films produced by Warner Bros,"[""creative_work"",""film""]",1,1,817,yes,no,1,https://www.the-numbers.com/market/distributor/Warner-Bros,,2023,
,how many heads of state are there,"[""occupation"",""head of state""]",1,1,195,yes,yes,0.25,https://simple.wikipedia.org/wiki/List_of_current_heads_of_state_and_government,,2023,
,how many female heads of state are there,"[""occupation"",""head of state""]",1,1,17,yes,no,0.75,"[https://www.pewresearch.org/short-reads/2023/03/28/women-leaders-around-the-world/,https://en.wikipedia.org/wiki/List_of_current_heads_of_state_and_government]",,2023,not exact since it keeps changing
,how many US presidents have there been,"[""occupation"",""president""]",1,1,45,yes,yes,1,https://en.wikipedia.org/wiki/List_of_presidents_of_the_United_States_by_previous_experience,,2023,
,how many Indian prime ministers have there been,"[""occupation"",""prime minister""]",1,1,14,yes,no,1,https://en.wikipedia.org/wiki/Prime_Minister_of_India,,2023,
,how many British prime ministers have there been,"[""occupation"",""prime minister""]",1,1,56,yes,yes,1,https://en.wikipedia.org/wiki/List_of_prime_ministers_of_the_United_Kingdom_by_length_of_tenure,,2023,
,how many presidents have there been in the PRC,"[""occupation"",""president""]",1,1,7,yes,no,1,https://en.wikipedia.org/wiki/List_of_heads_of_state_of_the_People%27s_Republic_of_China,,2023,
,how many US presidents were assassinated,"[""occupation"",""president""]",1,1,4,yes,yes,0.25,https://www.archives.gov/research/jfk/warren-commission-report/appendix7.html,,2023,
,how many British Grammy winners are there,"[""man-made_object"",""Grammy award""]",1,1,82,yes,no,1,https://en.wikipedia.org/wiki/List_of_British_Grammy_winners_and_nominees,,2023,
,how many Grammy awards has Adele won,"[""man-made_object"",""Grammy award""]",1,1,16,yes,yes,0.75,https://en.wikipedia.org/wiki/List_of_awards_and_nominations_received_by_Adele,,2023,
,how many Grammy winners were Indians,"[""occupation"",""award winner""]",1,1,14,yes,yes,0.75,https://aspiringyouths.com/general-knowledge/indian-grammy-award-winners/,,2023,
,how many people have won the Nobel Prize,"[""occupation"",""award winner""]",1,1,954,yes,yes,1,https://www.nobelprize.org/prizes/lists/all-nobel-prizes/,,2023,
,how many organizations have won the Nobel Prize,"[""organization"",""award winner""]",1,1,27,yes,yes,1,https://www.nobelprize.org/prizes/lists/all-nobel-prizes/,,2023,
,how many American immigrants have won the Nobel Prize,"[""demographics""]",1,1,148,yes,yes,0.75,https://iir.gmu.edu/publications/nobelprize,,2022,
,how many heads of state have won the Nobel Prize,"[""occupation"",""politician""]",1,1,31,yes,yes,0.75,https://en.wikipedia.org/wiki/List_of_heads_of_state_and_government_Nobel_laureates,,2023,
,how many musicians have won the Nobel Prize,"[""occupation"",""musician""]",1,1,7,yes,yes,0.75,https://ms.popnable.com/stories/52117-uncommon-prizes-7-singers-who-have-won-nobel-prizes,,2023,
,how many non-Americans have won the Grammy,"[""demographics""]",1,1,214,no,no,0.75,https://en.wikipedia.org/wiki/List_of_Grammy_Award_winners_and_nominees_by_country,,2023,not exact since some winners were groups whjich is counted s one
,how many US presidents have written autobiographies,"[""occupation"",""president""]",1,1,20,yes,no,0.75,https://en.wikipedia.org/wiki/List_of_autobiographies_by_presidents_of_the_United_States,,2023,
,how many cities have hosted the Olympics,"[""geographical_entity"",""city""]",1,1,46,yes,no,1,https://en.wikipedia.org/wiki/List_of_Olympic_Games_host_cities,,2023,
,how many skyscrapers are there in Hong Kong,"[""man-made_object"",""skyscraper""]",1,1,552,yes,yes,1,https://en.wikipedia.org/wiki/List_of_cities_with_the_most_skyscrapers,,2023,
,how many skyscrapers are there in New York,"[""man-made_object"",""skyscraper""]",1,1,314,yes,yes,1,https://en.wikipedia.org/wiki/List_of_cities_with_the_most_skyscrapers,,2023,
,how many skyscrapers are there in China,"[""man-made_object"",""skyscraper""]",1,1,2928,no,yes,1,https://www.bloomberg.com/opinion/articles/2022-07-17/china-is-falling-out-of-love-with-skyscrapers,,2022,
,how many songs did Freddie Mercury write for the Queen,"[""creative_work"",""song""]",1,1,70,yes,yes,0,https://www.express.co.uk/entertainment/music/1363655/Freddie-Mercury-songs-how-many-Queen-songs-Freddie-Mercury-write-bohemian-rhapsody-evg,,2020,
,how many women have won a Nobel Prize,"[""demographics""]",1,1,60,yes,yes,0.75,https://www.nobelprize.org/prizes/lists/nobel-prize-awarded-women/,,2022,
,how many categories are there in Pulitzer prizes,"[""man-made_object"",""award""]",1,1,23,yes,yes,0.25,https://www.pulitzer.org/page/frequently-asked-questions,,2023,
,how many women have won the Turing Prize,"[""man-made_object"",""award""]",1,1,3,yes,yes,0.75,https://slate.com/technology/2020/01/turing-award-acm-women-recipients.html,,2023,
,how many people have won Fifa world cup as a player and a manager,"[""demographics""]",1,1,3,yes,yes,0.75,https://en.wikipedia.org/wiki/List_of_FIFA_World_Cup_winning_managers,,2023,
,how many Ballon d'or winners in Real Madrid,"[""occupation"",""award winner""]",1,1,8,yes,yes,0.75,https://www.planetfootball.com/quick-reads/real-madrid-ballon-dor-winners-cristiano-ronaldo-figo-modric-benzema,,2023,
,how many Ballon d'or winners in Manchester United,"[""occupation"",""award winner""]",1,1,4,yes,yes,0.75,http://footballstories.co.uk/every-manchester-united-player-to-win-the-ballon-dor/,,2023,
,how many threatened species are listed in the IUCN red list,"[""species""]",1,1,42108,yes,yes,1,https://www.iucnredlist.org/resources/summary-statistics,,2022,PDF link to Table 1a
,how many vulnerable species are listed by the IUCN red list,"[""species""]",1,1,16493,yes,yes,1,https://www.iucnredlist.org/resources/summary-statistics,,2022,PDF link to Table 2
,how many professional leagues in England,"[""organization"",""football league""]",1,1,4,yes,no,0.25,https://en.wikipedia.org/wiki/English_football_league_system,,2023,"Premier Leagues, Championship, League One, League Two"
,how many professional leagues in Germany,"[""organization"",""football league""]",1,1,3,yes,yes,0.25,https://en.wikipedia.org/wiki/German_football_league_system,,2023,"Bundesliga, 2. Bundesliga, Liga"
,how many Indians have won an Oscar,"[""demographics""]",1,1,10,yes,yes,0.75,https://en.wikipedia.org/wiki/List_of_Indian_winners_and_nominees_of_the_Academy_Awards,,2023,
,how many Indian films have won an Oscar,"[""creative_work"",""film""]",1,1,4,yes,no,0.75,https://en.wikipedia.org/wiki/List_of_Indian_winners_and_nominees_of_the_Academy_Awards,,2023,
,how many Grammys did Tina Turner win,"[""man-made_object"",""award""]",1,1,12,yes,yes,0,https://en.wikipedia.org/wiki/List_of_awards_and_nominations_received_by_Tina_Turner#Grammy_Awards,,2023,
,how many Grammys did Taylor Swift win in 2016,"[""man-made_object"",""award""]",1,1,3,yes,yes,0,https://theboot.com/taylor-swift-2016-grammy-awards-wins/,,2016,
,how many beaches in Spain have the Blue Flag,"[""geographical_entity"",""beach""]",1,1,729,yes,yes,0.75,https://www.ferryhopper.com/en/blog/featured/top-blue-flag-beaches-spain,,2023,
,how many beaches are Blue Flag certified,"[""geographical_entiy"",""beach""]",1,1,4154,yes,no,1,https://www.blueflag.global/all-bf-sites,,2023,
,how many countries originally formed OECD,"[""geographical_entiy"",""country""]",1,1,20,yes,yes,0,https://www.oecd.org/about/document/ratification-oecd-convention.htm,,2023,
,how many countries are in the OECD,"[""geographical_entiy"",""country""]",1,1,38,yes,yes,0.25,https://en.wikipedia.org/wiki/OECD,,2023,
,how many mma fighters have died in the ring,"[""occupation"",""mma fighter""]",1,1,16,yes,no,0.75,https://wayofmartialarts.com/how-many-people-have-died-in-the-ufc-and-mma,,2023,
,how many fatalities in Formula 1,"[""demographics"",""death""]",1,1,52,yes,yes,0.75,https://en.wikipedia.org/wiki/List_of_Formula_One_fatalities,,2023,
,how many sports were in the 1896 Olymics,"[""event"",""sport""]",1,1,9,yes,yes,0,https://en.wikipedia.org/wiki/1896_Summer_Olympics,,2023,
,how many athletes participated in 1896 Olympics,"[""event"",""sport""]",1,1,241,yes,yes,0,https://en.wikipedia.org/wiki/1896_Summer_Olympics,,2023,
,how many countries won medals in 1896 olympics,"[""event"",""sport""]",1,1,10,yes,yes,0,https://en.wikipedia.org/wiki/1896_Summer_Olympics,,2023,
,how many audiobooks on Audible,,1,0,450000,no,yes,1,https://ebookfriendly.com/full-audible-plus-catalog-preview/,,,
,how many audiobooks on Audible Plus catalog,,1,0,"[11000,20000]",no,yes,1,"[https://ebookfriendly.com/full-audible-plus-catalog-preview/,https://lovelyaudiobooks.info/audible-plus/]",,,
,how many audiobooks on Spotify,,1,0,350000,no,yes,1,"[https://newsroom.spotify.com/2023-10-03/audiobooks-included-in-spotify-premium/,https://www.spotify.com/uk/audiobooks/]",,2023,
,how many titles on Netflix,,1,0,18000,no,yes,1,https://about.netflix.com/en/news/what-we-watched-a-netflix-engagement-report,,2023,
,how many titles on Amazon Prime Video,,1,0,60000,no,no,1,https://www.amazon.com/s?i=instant-video&tag=gku01-20,,2023,
,how many songs on Spotify,,1,0,100000000,no,yes,1,https://newsroom.spotify.com/company-info/,,,
,how many songs on JioSaavn,,1,0,"[45000000,80000000]",no,yes,1,"[https://help.jiosaavn.com/hc/en-us/articles/360020253792-Do-you-have-English-and-International-music-, https://www.jiosaavn.com/corporate]",,,
,how many songs on Apple music,,1,0,100000000,no,yes,1,https://www.apple.com/newsroom/2022/10/celebrating-100-million-songs/,,2022,
,how many songs on Youtube Music,,1,0,100000000,no,yes,1,https://www.digitaltrends.com/home-theater/what-is-youtube-music,,2023,
,how many monthly users on Spotify,,1,0,574000000,no,yes,1,https://www.demandsage.com/spotify-stats/,,2023,
,how many subscribers on Spotify,,1,0,226000000,no,yes,1,https://www.demandsage.com/spotify-stats/,,2023,
,how many daily users on Reddit,,1,0,57000000,no,yes,1,https://www.founderjar.com/reddit-statistics/,,2023,
,how many daily users in Youtube,,1,0,122000000,no,yes,1,https://www.demandsage.com/youtube-stats/,,2023,
,how many users in Youtube from India,,1,0,462000000,no,no,1,https://www.statista.com/statistics/280685/number-of-monthly-unique-youtube-users/,,2023,
,how many Youtube users in Brazil,,1,0,144000000,no,no,1,https://www.statista.com/statistics/280685/number-of-monthly-unique-youtube-users/,,2023,
,how many Youtube users in the US,,1,0,239000000,no,no,1,https://www.statista.com/statistics/280685/number-of-monthly-unique-youtube-users/,,2023,
,how many users does youtube have from indonesia,,1,0,139000000,no,no,1,https://www.statista.com/statistics/280685/number-of-monthly-unique-youtube-users/,,2023,
,how many Canadian users on Youtube,,1,0,31900000,no,no,1,https://www.statista.com/statistics/280685/number-of-monthly-unique-youtube-users/,,2023,
,how many Youtube users in Thailand,,1,0,44000000,no,no,1,https://www.statista.com/statistics/280685/number-of-monthly-unique-youtube-users/,,2023,
,how many podcasts on Spotify,,1,0,5000000,no,yes,1,https://newsroom.spotify.com/company-info,,2023,
,how many podcasts on Apple,,1,0,2600000,no,yes,1,https://www.thepodcasthost.com/listening/podcast-industry-stats/,,2023,
,how many podcasts are there,,1,0,4250000,no,yes,1,https://www.thepodcasthost.com/listening/podcast-industry-stats/,,2023,
,how many podcasts in English,,1,0,1786269,yes,yes,1,https://explodingtopics.com/blog/number-of-podcasts,,2023,
,how many varieties of apples are cultivated,,1,0,7500,no,yes,0.25,"[https://en.wikipedia.org/wiki/List_of_apple_cultivars,https://pubmed.ncbi.nlm.nih.gov/37848522/]",,2023,
,how many varieties of avocadoes are there,,1,0,500,no,yes,0.25,,,,
,how many varieties of rice are cultivated,,1,0,"[100000,500000]",no,yes,0.25,https://ricetoday.irri.org/how-many-rice-varieties-are-there/,,2006,
,how many varieties of potatoes are cultivated,,1,0,10000,no,yes,0.25,https://pubmed.ncbi.nlm.nih.gov/34448153/,,,
,how many varieties of tomatoes are cultivated,,1,0,10000,no,yes,0.25,https://en.wikipedia.org/wiki/List_of_tomato_cultivars,,2021,
,how many varieties of mangoes are cultivated,,1,0,"[500,1000]",no,yes,0.25,https://www.hort.purdue.edu/newcrop/morton/mango_ars.html#Varieties,,1987,
,how many varieties of bananas are cultivated,,1,0,1000,no,yes,0.25,https://www.producebluebook.com/know-your-produce-commodity/Bananas/,,,
,how many types of mushrooms are edible,,1,0,2189,yes,yes,0.75,https://ift.onlinelibrary.wiley.com/doi/10.1111/1541-4337.12708,,2021,
,how many species of capsicum as there,,1,0,"[25,35]",no,yes,0.25,"[https://www.nature.com/articles/s41467-023-41251-4,https://herbaria.plants.ox.ac.uk/bol/plants400/Profiles/cd/Capsicum]",,2016,
,how many species of capsicum are cultivated,,0,1,5,yes,yes,0,"[https://www.nature.com/articles/s41467-023-41251-4,https://herbaria.plants.ox.ac.uk/bol/plants400/Profiles/cd/Capsicum]",,2016,
,how many varieties of capsicum are cultivated,,1,0,50000,no,yes,0.25,https://www.ncbi.nlm.nih.gov/pmc/articles/PMC9082723/#cit1,,2018,
,how many varieties of coffee plants are there,,1,1,120,yes,yes,0,https://www.nescafe.com/mena/en-ae/understanding-coffee/coffee-beans-guide,,2020,
,how many stock markets are there in the world,,1,0,964,yes,yes,0.25,https://www.tradinghours.com/markets,,2023,
,how many stock markets are there in India,,0,1,7,yes,yes,0.25,https://en.wikipedia.org/wiki/Indian_stock_exchange,,2023,
,how many companies listed in Nasdaq,,1,0,3486,yes,no,1,https://focus.world-exchanges.org/issue/december-2023/market-statistics,,2023,
,how many companies listen in NYSE,,1,0,2292,yes,no,1,https://focus.world-exchanges.org/issue/december-2023/market-statistics,,2023,
,how many companies are listed on NSE India,,1,0,2328,yes,no,1,https://focus.world-exchanges.org/issue/december-2023/market-statistics,,2023,
,how many companies listed on BSE India,,1,0,4276,yes,no,1,https://www.bseindia.com/corporates/List_Scrips.html,,2023,search: Segement: Equity; Status: Active
,how many companies are listed on Euronext,,1,0,1935,yes,no,1,https://focus.world-exchanges.org/issue/december-2023/market-statistics,,2023,
,how many companies are listed on Shenzhen stock exchange,,1,0,2839,yes,no,1,https://focus.world-exchanges.org/issue/december-2023/market-statistics,,2023,
,how many comanies are listed on Dubai financial market,,1,0,62,yes,no,1,https://focus.world-exchanges.org/issue/december-2023/market-statistics,,2023,
,how many companies listed on Shanghai stock exchange,,1,0,2252,yes,no,1,https://focus.world-exchanges.org/issue/december-2023/market-statistics,,2023,
,how many dog breeds are there ,,1,0,427,yes,no,0.25,https://wdf-international.org/breeds/,,2023,
,how many cat breeds are there,,1,0,81,yes,no,0.25,https://tica.org/breeds/browse-all-breeds,,2023,
,how many breeds of horses are there,,1,0,911,yes,no,0.25,https://www.fao.org/dad-is/dataexport/en/,,2023,"clean duplicates, unique transboundary name + unique breed name for the rest"
,how many breeds of cattle are there,,1,0,460,yes,no,0.25,https://www.fao.org/dad-is/dataexport/en/,,2023,"clean duplicates, unique transboundary name + unique breed name for the rest"
,how many breeds of chicken are there,,1,0,1460,yes,no,0.25,https://www.fao.org/dad-is/dataexport/en/,,2023,"clean duplicates, unique transboundary name + unique breed name for the rest"
,how many languages are spoken worldwide,,1,0,7168,yes,no,1,https://www.ethnologue.com/,,2023,
,how many languages are spoken in Europe,,1,0,230,yes,no,1,https://www.linguisticsociety.org/content/how-many-languages-are-there-world,,2010,
,how many languages are spoken in Asia,,1,0,2197,yes,no,1,https://www.linguisticsociety.org/content/how-many-languages-are-there-world,,2010,
,how many Indo-European languages are there,,1,0,455,yes,no,0.75,https://www.ethnologue.com/browse/families/,,2023,
,how many Dravidian languages are there,,1,0,85,yes,no,0.75,https://www.ethnologue.com/browse/families/,,2023,
,how many sign languages are there,,1,0,159,yes,no,0.75,https://www.ethnologue.com/browse/families/,,2023,
,how many languages are spoken in Indonesia,,1,0,720,yes,no,0.75,https://www.ethnologue.com/insights/countries-most-languages/,,2023,
,how many languages are spoken in Papua New Guinea,,1,0,841,yes,no,0.75,https://www.ethnologue.com/insights/countries-most-languages/,,2023,
,how many Niger-Congo languages are there,,1,0,1454,yes,no,0.75,https://www.ethnologue.com/subgroup/47/,,2023,
,how many Sino-Tibetan languages are there,,1,0,458,yes,no,0.75,https://www.ethnologue.com/browse/families/,,2023,
,how many Afro-Asiatic languages are there,,1,0,382,yes,no,0.75,https://www.ethnologue.com/browse/families/,,2023,
,how many objects are there in Louvre collection,,1,0,501838,yes,no,0.25,https://collections.louvre.fr/en/recherche?q=,,2023,
,how many paintings are in the Louvre,,1,0,10688,yes,no,0.25,https://collections.louvre.fr/en/recherche?q=,,2023,
,how many objects are on display at louvre,,1,0,33274,yes,yes,0.75,https://collections.louvre.fr/en/recherche?q=,,2023,
,how many objects are in the Metropolitan Museum of Art collection,,1,0,2000000,no,no,0.25,https://www.metmuseum.org/press/exhibitions/2000/metropolitan-museum-launches-new-and-expanded-web-site,,2023,
,how many objects in the British museum collection,,1,0,8000000,no,yes,0.25,https://www.britishmuseum.org/sites/default/files/2019-10/fact_sheet_bm_collection.pdf,,2019,
,how many charities are there in the UK,,0,0,165758,yes,no,0.75,https://smallcharitiesdata.org/topic/the-number-of-small-charities/,,2020,
,how many charities are the in the US,,0,0,1970000,no,yes,0.75,https://usafacts.org/articles/how-many-nonprofits-are-there-in-the-us/,,2022,
,how many charities are in Singapore,,0,0,2359,yes,no,0.75,https://www.charities.gov.sg/PublishingImages/Resource-and-Training/Publications/COC-Annual-Reports/Documents/Commissioner%20of%20Charities%20Annual%20Report%202021.pdf,,2021,
,how many charities are in Canada,,0,0,161227,yes,no,0.75,https://sectorsource.ca/research-and-impact/sector-impact#1,,2003,
,how many unregistered charities in Canada ,,0,0,70940,yes,no,0.75,https://sectorsource.ca/research-and-impact/sector-impact#1,,2003,
,how many charities are there in New Zealand,,0,0,28560,yes,no,0.75,https://www.charities.govt.nz/assets/Annual-Review-Report-2021-2022-WEB.pdf,,2023,
,how many registered charities in Australia,,0,0,59967,yes,yes,0.75,"[https://www.acnc.gov.au/for-public/understanding-charities/are-there-too-many-charities-australia,https://www.acnc.gov.au/tools/reports/australian-charities-report-9th-edition]",,2023,
,how many volunteers began the Dandi March,,0,1,78,yes,yes,0,https://en.wikipedia.org/wiki/Salt_March,,,
,how many people were jailed after the Dandi March,,0,1,60000,no,yes,0,https://en.wikipedia.org/wiki/Salt_March,,2005,
,how many islands are there in Sweden,,0,0,267570,yes,yes,0.25,https://www.statista.com/chart/15364/the-estimated-number-of-islands-by-country/,,2023,
,how many islands are there in Norway,,0,0,239057,yes,yes,0.25,https://www.statista.com/chart/15364/the-estimated-number-of-islands-by-country/,,2023,
,how many islands are there in Finland,,0,0,178947,yes,yes,0.25,https://www.statista.com/chart/15364/the-estimated-number-of-islands-by-country/,,2023,
,how many islands are there in Japan,,1,0,14125,yes,yes,0.25,https://www.statista.com/chart/15364/the-estimated-number-of-islands-by-country/,,2023,
,how many islands are there in Vietnam,,0,0,4000,yes,yes,0.25,https://www.statista.com/chart/15364/the-estimated-number-of-islands-by-country/,,2023,
,how many unihabited islands in Sweden,,0,0,250000,no,no,0.25,https://en.wikipedia.org/wiki/List_of_countries_by_number_of_islands,,2023,
,how many inhabited islands in Sweden,,0,0,984,yes,yes,0.25,https://en.wikipedia.org/wiki/List_of_countries_by_number_of_islands,,2023,
,how many islands in Philippines,,0,0,7641,yes,yes,0.25,https://en.wikipedia.org/wiki/List_of_countries_by_number_of_islands,,2023,
,how many inhabited islands in Philippines,,0,0,2000,no,yes,0.25,https://en.wikipedia.org/wiki/List_of_countries_by_number_of_islands,,2023,
,how many uninhabited islands in Philippines,,0,0,5000,no,yes,0.25,https://en.wikipedia.org/wiki/List_of_countries_by_number_of_islands,,2023,
,how many islands in Scotland,,0,0,900,no,yes,0.25,https://en.wikipedia.org/wiki/List_of_countries_by_number_of_islands,,2023,
,how many inhabited islands in Scotland,,0,0,118,yes,no,0.25,https://en.wikipedia.org/wiki/List_of_countries_by_number_of_islands,,2023,
,how many bread types in Germany,,0,0,3189,no,yes,0.25,https://www.baeckerhandwerk.de/baeckerhandwerk/die-deutsche-brotkultur/,,2020,
,how many breweries are there in Germany,,0,1,1512,no,yes,0.75,https://brauer-bund.de/pressemitteilungen/zehn-fakten-zum-deutschen-bier/,,2021,
,how many breweries are there in Czechia,,0,1,599,yes,no,0.75,https://www.statista.com/statistics/447371/czech-republic-number-beer-breweries/,,2021,
,how many breweries are there in Belgium,,0,1,430,yes,no,0.75,https://www.belgianbrewers.be/,,2022,
,how many breweries in Netherlands,,0,1,942,yes,no,0.75,https://www.nederlandsebiercultuur.nl/brouwerijen/brouwerijkaart,,2023,
,how many beer types in Netherlands,,0,1,541,yes,no,0.75,https://www.nederlandsebiercultuur.nl/bieren/bieroverzicht?biertypering1=1&biertypering2=1&bdba4b234bd5f20ee6436313a57ca1bd=1,,2023,
,how many breweries are there in the UK,,0,1,2426,yes,yes,0.75,statista.com/statistics/1121271/number-of-breweries-in-the-united-kingdom/,,2022,
,how many breweries are there in France,,0,1,1822,yes,yes,0.75,https://www.ibisworld.com/france/industry-statistics/breweries/680/,,2023,
,how many craft breweries are there in the US,,0,1,9552,yes,yes,0.75,https://www.brewersassociation.org/statistics-and-data/national-beer-stats/,,2022,US breweries include all types
,how many breweries in the US,,0,1,9709,yes,no,0.75,https://www.brewersassociation.org/statistics-and-data/national-beer-stats/,,2022,
,how many breweries are there in Ireland,,0,1,80,yes,yes,0.75,https://brewersofeurope.eu/eu-beer-trends/ireland/,,2022,EU breweries do not include microbreweries
,how many tribes are there in Cameroon,,0,1,250,no,no,0,https://en.wikipedia.org/wiki/Demographics_of_Cameroon#Ethnic_groups,,2021,
,how many ethnic tribes are there in India,,0,1,705,yes,yes,0.25,https://www.iwgia.org/en/india/4650-iw-2022-india.html,,,
,how many ethnic tribes in Nigeria,,0,1,398,yes,no,0.25,https://www.experts.ng/blog/ethnic-groups-in-nigeria/#google_vignette,,2021,
,how many tribes in Uganda,,0,1,65,yes,yes,0,https://en.wikipedia.org/wiki/List_of_tribes_in_Uganda,,1926,
,how many tribes are there in Tanzania,,0,1,119,yes,no,0,https://en.wikipedia.org/wiki/List_of_ethnic_groups_in_Tanzania,,,
,how many indigenous tribes in Alaska,,0,1,227,yes,yes,0,https://crsreports.congress.gov/product/pdf/R/R47414,,2023,
,how many lighthouses are there in Maine,,0,1,66,yes,yes,0.25,https://en.wikipedia.org/wiki/List_of_lighthouses_in_Maine,,2017,adding up active and inactive ones
,how many lighthouses are there in California,,0,1,"[41,43]",no,no,0.25,"[https://web.archive.org/web/20170501201850/http://www.uscg.mil/history/weblighthouses/LHCA.asp,https://en.wikipedia.org/wiki/List_of_lighthouses_in_California] ",,2017,"counting mentions of ""photographs"" in web archive page, manually counting non-demolished/non-replaced ones (still standing) on Wikipedia"
,how many lighthouses are there in Rhode Island,,0,1,27,yes,no,0.25,https://web.archive.org/web/20170501202729/http://www.uscg.mil/history/weblighthouses/LHRI.asp,,2017,"counting mentions of ""photographs"" in web archive page, manually counting non-demolished/non-replaced ones (still standing) on Wikipedia"
,how many lighthouses are there in Florida,,0,1,48,yes,no,0.25,https://web.archive.org/web/20170501202325/http://www.uscg.mil/history/weblighthouses/LHFL.asp,,2017,"counting occurrences of ""operational"""
,how many lighthouses in Michigan,,0,1,129,yes,yes,0.25,https://en.wikipedia.org/wiki/List_of_lighthouses_in_Michigan,,2017,
,how many lighthouses are still standing in the US,,0,1,779,yes,yes,0.25,https://scrippsnews.com/stories/one-of-the-nation-s-last-resident-lighthouse-keepers-examines-future/,,2023,
,how many lighthouses are there in Scotland,,0,1,208,yes,no,0.25,https://www.nlb.org.uk/lighthouses/,,2015,
,how many lighthouses are there in Ireland,,0,1,120,yes,no,0.25,https://en.wikipedia.org/wiki/List_of_lighthouses_in_Ireland,,2015,counting maintined and inactive ones
,how many lighthouses are maintained by Commissioners of Irish Lights,,0,1,75,yes,no,0.25,https://en.wikipedia.org/wiki/List_of_lighthouses_in_Ireland,,2015,counting only 1st table rows
,how many lighthouses are there,,0,0,24400,no,yes,0.25,https://www.ibiblio.org/lighthouse/index.htm,,2023,"not specific because the definition of lighthouse may change between countries and ""are there"" can imply different meaning in diff countries"
,how many Nobel Laureates from Chile,,0,1,2,yes,yes,0.25,https://en.wikipedia.org/wiki/List_of_Nobel_laureates_by_country,,2023,
,how many birds are endemic to New Zealand,,0,1,92,yes,yes,0.75,https://datazone.birdlife.org/country/new-zealand,,2023,
,how many birds are endemic to Australia,,0,1,354,yes,yes,0.75,https://datazone.birdlife.org/country/australia,,2023,
,how many birds are endemic to Hawaii,,0,1,44,yes,yes,0.75,https://abcbirds.org/program/hawaii/,,2023,
,how many endemic birds in India,,0,1,75,yes,yes,0.75,https://datazone.birdlife.org/country/india,,2023,
,how many endemic birds are there in Sri Lanka,,0,1,30,yes,no,0.75,https://datazone.birdlife.org/country/sri-lanka,,2023,
,how many endemic birds in Ethiopia,,0,1,18,yes,yes,0.75,https://datazone.birdlife.org/country/ethiopia,,2023,"mostly matches with https://datazone.birdlife.org/, except when rare/accidental birds are too many, as for Japan "
,how many bird species in Ethiopia,,0,0,907,yes,yes,0.75,https://datazone.birdlife.org/country/ethiopia,,2023,"mostly matches with https://datazone.birdlife.org/, except when rare/accidental birds are too many, as for Japan "
,how many bird species are there in India,,0,0,1401,yes,no,0.75,https://avibase.bsc-eoc.org/checklist.jsp?lang=EN,,2023,"mostly matches with https://datazone.birdlife.org/, except when rare/accidental birds are too many, as for Japan "
,how many bird species in Costa Rica,,0,0,966,yes,no,0.75,https://avibase.bsc-eoc.org/checklist.jsp?lang=EN,,2023,"mostly matches with https://datazone.birdlife.org/, except when rare/accidental birds are too many, as for Japan "
,how many bird species in Panama,,0,0,1041,yes,no,0.75,https://avibase.bsc-eoc.org/checklist.jsp?lang=EN,,2023,"mostly matches with https://datazone.birdlife.org/, except when rare/accidental birds are too many, as for Japan "
,how many bird species in Japan,,0,0,739,yes,no,0.75,https://avibase.bsc-eoc.org/checklist.jsp?lang=EN,,2023,"mostly matches with https://datazone.birdlife.org/, except when rare/accidental birds are too many, as for Japan "
,how many volcanic systems in Iceland,,0,1,41,yes,yes,0.25,https://www.ni.is/en/geology/volcanic-activity,,,
,how many active volcanoes in Philippines,,0,1,24,yes,yes,0.25,https://www.phivolcs.dost.gov.ph/index.php/volcano-hazard/volcanoes-of-the-philippines,,2018,
,how many active volcanoes in Japan,,0,1,110,yes,no,0.25,https://www.data.jma.go.jp/vois/data/tokyo/STOCK/souran_eng/souran.htm,,2013,
,how many active volcanoes in Indonesia,,0,1,127,yes,yes,0.25,https://en.wikipedia.org/wiki/List_of_volcanoes_in_Indonesia,,2012,
,how many active volcanoes in the Ring of Fire,,0,1,"[750,913]",no,yes,0.25,https://en.wikipedia.org/wiki/Ring_of_Fire,,2013,
,how many active volcanoes in New Zealand,,0,1,8,yes,no,0.25,https://www.gns.cri.nz/our-science/natural-hazards-and-risks/volcanoes/,,2023,
,how many active volcanoes are there in the world,,0,1,1337,yes,yes,0.25,https://volcano.si.edu/gvp_votw.cfm,,2022,
,how many active volcanoes are there in Chile,,0,1,92,yes,yes,0.25,https://www.jvolcanica.org/ojs/index.php/volcanica/article/view/80,,2021,
,how many volcanoes in Antarctica,,0,0,138,yes,yes,0.25,https://en.wikipedia.org/wiki/List_of_volcanoes_in_Antarctica,,2017,
,how many active volcanoes in the US,,0,1,169,yes,yes,0.25,https://www.americangeosciences.org/critical-issues/faq/how-many-active-volcanoes-are-there-united-states,,,
,how many films has Stephen Spielberg directed,,1,1,36,yes,yes,0.75,https://en.wikipedia.org/wiki/Steven_Spielberg#Filmography,,2023,
,how many films has Kathrine Hepburn acted in,,0,1,52,yes,yes,0,https://en.wikipedia.org/wiki/Katharine_Hepburn_on_screen_and_stage,,2023,
,how many films has Sridevi acted in,,0,1,272,yes,no,0,https://en.wikipedia.org/wiki/Sridevi_filmography,,2023,
,how many films has Maggie Smith acted in,,0,1,63,yes,no,0.75,https://en.wikipedia.org/wiki/List_of_Maggie_Smith_performances,,2023,
,how many films has Dev Anand acted in,,0,1,111,yes,no,0,https://en.wikipedia.org/wiki/Dev_Anand_filmography,,2023,
,how many movies has Kamal Hasan acted in,,0,1,237,yes,no,0.75,https://en.wikipedia.org/wiki/Kamal_Haasan_filmography,,2023,
,how many movies has Smita Patil acted in,,0,1,81,yes,no,0,https://en.wikipedia.org/wiki/Smita_Patil_filmography,,2023,
,how many movies has Rajnikath acted in,,1,1,191,yes,no,0.75,https://en.wikipedia.org/wiki/Rajinikanth_filmography#Filmography,,2023,
,how many bridges in Venice,,0,0,"[435,467]",no,no,0.25,https://en.wikipedia.org/wiki/List_of_bridges_in_Venice,,~2008,count includes public and private bridges
,how many bridges in Hamburg,,0,0,2496,yes,yes,0.25,https://en.wikipedia.org/wiki/List_of_bridges_in_Hamburg,,2004,
,how many bridges in Amsterdam,,1,0,1500,no,yes,0.25,https://en.wikipedia.org/wiki/Canals_of_Amsterdam,,-,
,how many bridges are there in Berlin,,1,0,"[960,2100]",no,yes,0.25,https://www.visitberlin.de/en/blog/top-11-bridges-berlin,,2022,
,how many bridges in Budapest,,0,0,14,yes,no,0.25,https://en.wikipedia.org/wiki/Bridges_of_Budapest,,~2014,
,how many bridges in Chongqing,,0,0,14000,no,yes,0.25,https://www.ichongqing.info/2019/05/13/chinas-first-urban-bridge-management-forum-held-in-chongqing/,,2019,
,how many bridges are there in Vienna,,0,0,1700,no,yes,0.25,https://www.wien.info/en/livable-vienna/water-in-vienna/bridges-and-fountains-341752,,,
,how many suspension bridges in Wakayama,,0,1,101,yes,no,0.25,https://www.bridgemeister.com/list.php?country=Japan&type=div&div=Wakayama,,2023,
,how many suspension bridges in California,,1,1,125,yes,yes,0.25,https://www.bridgemeister.com/list.php?country=USA&type=div&div=California,,2023,
,how many employees does Google have,,1,1,178234,yes,yes,1,https://earthweb.com/google-employees/,,2023,
,how many employees does Tencent have,,1,1,108436,yes,yes,1,https://www.statista.com/statistics/223719/number-of-tencent-group-employees/,,2022,
,how many employees does Rakuten have,,0,1,32437,yes,no,1,https://global.rakuten.com/corp/investors/financial/indicators.html,,2023,
,how many employees does OpenAI have,,1,1,770,yes,yes,1,https://en.wikipedia.org/wiki/OpenAI,,2023,
,how many employees does TrustYou have,,0,1,165,yes,yes,1,https://pitchbook.com/profiles/company/52829-20#overview,,2023,
,how many employees does Deutsche Bahn have,,0,1,324442,yes,yes,1,https://www.zoominfo.com/c/deutsche-bahn-ag/351159044,,2023,
,how many employees does ISRO have,,0,1,16786,yes,yes,1,https://en.wikipedia.org/wiki/ISRO,,2022,
,how many employees does BMW have,,1,1,149475,yes,yes,1,https://www.statista.com/statistics/264343/global-number-of-employees-of-bmw-group/,,2022,
,how many employees at Manchester City FC,,0,1,"[500,1000]",yes,no,1,https://www.mancity.com/annualreport2023/wp-content/uploads/2023/11/manchester-city_annual-report_2022-23.pdf,,2023,
,how many employees at Liverpool FC,,0,1,964,yes,no,1,https://uk.globaldatabase.com/company/the-liverpool-football-club-and-athletic-grounds-limited,,2023,
,how many destinations served by high-speed TGV,,0,1,230,no,no,0.25,https://www.sncf-voyageurs.com/en/travel-with-us/in-france/tgv-inoui/our-destinations/,,2023,
,how many countries served by TGV,,0,1,9,yes,no,0.25,https://www.sncf-voyageurs.com/en/travel-with-us/in-france/tgv-inoui/our-destinations/,,2023,
,how many shinkansen train services are there,,0,1,22,yes,no,0.25,https://en.wikipedia.org/wiki/Shinkansen,,2023,train services running on the nine main lines
,how many shinkansen lines are there in Japan,,1,1,9,yes,yes,0.25,"[https://en.wikipedia.org/wiki/Shinkansen#Lines_under_construction,https://www.jrpass.com/shinkansen-bullet-train ]",,2023,
,how many high-speed train lines in Spain,,0,1,21,yes,no,0.25,https://en.wikipedia.org/wiki/AVE,,2023,
,how many universities in Wales,,0,0,9,yes,yes,0.25,https://uniswales.ac.uk/universities,,2023,
,how many universities in London,,1,0,40,no,yes,0.25,https://en.wikipedia.org/wiki/List_of_universities_and_higher_education_colleges_in_London,,2023,
,how many universities in Hamburg,,0,0,"[19,23]",no,yes,0.25,"[https://housinganywhere.com/Hamburg--Germany/hamburg-universities, ",,2023,
,how many public universities in Germany,,1,0,"[93,108]",no,no,0.25,"[https://www.daad.de/en/study-and-research-in-germany/plan-your-studies/the-right-university/,https://en.wikipedia.org/wiki/List_of_universities_in_Germany] ",,2021,
,how many open universities in India,,0,0,16,yes,no,0.25,https://en.wikipedia.org/wiki/List_of_open_universities,,2023,
,how many universities in Inida,,0,0,1113,yes,no,0.25,https://pib.gov.in/PressReleasePage.aspx?PRID=1894517,,2021,
,how many open universities are in Europe,,0,0,12,yes,no,0.25,https://en.wikipedia.org/wiki/List_of_open_universities,,2023,
,how many universities of applied science in Germany,,1,0,210,yes,no,0.25,https://www.daad.de/en/study-and-research-in-germany/plan-your-studies/the-right-university/,,2021,
,how many public universities in Texas,,0,0,36,yes,yes,0.25,https://www.collegeatlas.org/texas-colleges-and-universities.html,,2014,not specific since colleges and universities are sometimess reported interchangeably
,how many universities are there in Canada,,0,0,223,yes,no,0.25,https://www.cmec.ca/299/education-in-canada-an-overview/index.html,,2019,
,how many medical colleges are there in India,,1,0,702,yes,yes,0.25,https://economictimes.indiatimes.com/news/india/50-new-medical-colleges-approved-in-india-this-year-adding-8195-undergraduate-seats-sources/articleshow/100857195.cms,,2023,
,how many engineering schools in the US,,0,0,"[393,431]",yes,no,0.25,https://ira.asee.org/wp-content/uploads/2019/07/2018-Engineering-by-Numbers-Engineering-Statistics-UPDATED-15-July-2019.pdf,,2018,
,how many medical universities are there in Japan,,0,0,82,yes,yes,0.25,https://www.jacme.or.jp/en/about/member.php,,2023,
,how many Disneyland parks are there,,1,1,5,yes,yes,0,https://magicguides.com/disney-parks-around-the-world/,,2023,
,how many Universal Studios theme parks are there,,1,1,5,yes,yes,0,https://en.wikipedia.org/wiki/Universal_Destinations_%26_Experiences,,2023,
,how many countries lie on the Greenwich Meridian,,0,1,8,yes,yes,0,https://www.qmul.ac.uk/globe/news/the-meridian-line-a-shared-reference.html,,,
,how many countries lie below the Arctic Circle,,0,1,187,yes,no,0,,,,8 countries which lie within the Arctic Circle subtracted frin 195
,how many countries lie above the equator,,0,1,143,yes,no,0,https://worldpopulationreview.com/country-rankings/northern-hemisphere-countries,,2023,
,how many times did Germany play FIFA world cup finals,,1,1,8,yes,yes,0.75,https://www.hitc.com/en-gb/2022/09/24/how-many-times-have-germany-won-the-fifa-world-cup/,,2022,
,how many times did Argentina play FIFA world cup finals,,1,1,6,yes,yes,0.75,https://olympics.com/en/news/fifa-world-cup-football-titles-argentina,,2022,
,how many times did Brazil Argentina play FIFA world cup finals,,1,1,7,yes,yes,0.75,https://olympics.com/en/news/fifa-world-cup-football-titles-argentina,,2022,
,how many teams have played fifa world cup final,,1,1,13,yes,yes,0.75,https://en.wikipedia.org/wiki/List_of_FIFA_World_Cup_finals,,2022,
,how many teams have played fifa women's world cup finals,,0,1,10,yes,no,0.75,https://en.wikipedia.org/wiki/FIFA_Women%27s_World_Cup,,,counting unique runners up and winners
,how many National Film awards did Satyajit Ray win,,1,1,36,yes,yes,0,https://en.wikipedia.org/wiki/List_of_awards_and_nominations_received_by_Satyajit_Ray,,2015,
,how many awards has Pather Panchali won,,1,1,18,yes,yes,0,https://en.wikipedia.org/wiki/List_of_awards_and_nominations_received_by_Satyajit_Ray,,2015,
,how many National Film awards has Humayun Ahmed won,,0,1,7,yes,yes,0,https://en.wikipedia.org/wiki/Humayun_Ahmed#Awards,,2015,
,how many awards has Rabeya Khatun won,,0,0,18,yes,no,0,https://en.wikipedia.org/wiki/Rabeya_Khatun#Awards,,2017,
,how many awards has Gulzar won,,0,0,37,yes,no,0.25,https://en.wikipedia.org/wiki/List_of_awards_and_nominations_received_by_Gulzar,,2021,
,how many awards has Mani Ratnam won,,0,0,43,yes,no,0.75,https://en.wikipedia.org/wiki/List_of_awards_and_nominations_received_by_Mani_Ratnam,,2023,
,how many Guinness World records does Adele have,,1,1,44,yes,no,0.75,https://www.guinnessworldrecords.com/news/2023/5/inside-adeles-journey-to-becoming-a-record-breaking-worldwide-smash-746397,,2023,
,how many Guinness World records does the BTS have,,1,1,23,yes,yes,0.75,https://www.guinnessworldrecords.com/news/2021/9/bts-and-their-23-records-enter-the-guinness-world-records-2022-hall-of-fame,,2021,
,how many whisky distilleries are there in Scotland,,1,1,148,yes,no,0.75,https://www.scotch-whisky.org.uk/insights/facts-figures/,,2023,
,how many distilleries in Scotland produce gin,,0,1,108,yes,no,0.75,https://www.thescottishginsociety.com/map/,,,
,how many bakeries are there in Paris,,1,0,1360,no,yes,1,https://www.thelocal.fr/20230203/paris-bakers-bounce-back-with-sharp-rise-in-number-of-city-boulangeries,,2023,
,how many bakeries are there in France,,1,0,33988,yes,yes,1,https://www.ibisworld.com/france/industry-statistics/bread-bakery-goods-production/580/,,2023,
,how many historical monuments are there in Paris,,0,0,1810,yes,no,0.25,https://en.wikipedia.org/wiki/List_of_monuments_historiques_in_Paris,,2011,
,how many historical monuments are there in Agra,,0,0,265,yes,yes,0.25,https://www.asiagracircle.in/monuments.html,,,
,how many monuments of national importance are there in Delhi,,0,1,174,yes,yes,0.25,https://pib.gov.in/newsite/PrintRelease.aspx?relid=108633,,2018,
,how many monuments of national importance are there in West Bengal,,0,1,133,yes,yes,0.25,https://en.wikipedia.org/wiki/List_of_Monuments_of_National_Importance_in_West_Bengal,,2018,
,how many monuments of national importance in Bangalore,,0,1,207,yes,yes,0.25,https://en.wikipedia.org/wiki/List_of_Monuments_of_National_Importance_in_Bangalore_circle,,2016,
,how many monuments of national importance in Tamil Nadu,,0,1,413,yes,yes,0.25,https://en.wikipedia.org/wiki/List_of_Monuments_of_National_Importance_in_Tamil_Nadu,,2016,
,how many rockets were launched in 2022,,1,1,186,yes,yes,0,https://en.wikipedia.org/wiki/2022_in_spaceflight,,2022,
,how many rockets were launched in 2023,,1,1,221,yes,yes,0,https://en.wikipedia.org/wiki/2023_in_spaceflight,,2023,
,how many rockets were launched by Spacex in 2019,,1,1,13,yes,yes,0,https://nss.org/2019-spacex-recap/,,2019,
,how many rockets launched by NASA in 2019,,1,1,17,yes,yes,0,https://sites.wff.nasa.gov/code810/files/Annual%20Report%202019_web.pdf,,2019,
,how many satellites were launched by Spacex in 2023,,1,1,23,yes,yes,0,https://www.statista.com/statistics/1224164/starlink-satellite-launches,,2023,
,how many rockets were launched in total by China in 2022,,0,1,64,yes,yes,0,https://en.wikipedia.org/wiki/2022_in_spaceflight#By_country,,2022,
,how many fans on Liverpool season ticket holder waiting list,,1,1,70000,no,yes,0.25,https://www.thisisanfield.com/2022/03/liverpool-fc-season-ticket-prices/,,2022,
,how many fans on Manchester United season ticket holder waiting list,,1,1,120000,no,yes,0.25,https://www.givemesport.com/88002706-premier-league-tickets-how-long-is-the-wait-for-a-season-ticket-at-each-club/#premier-league-club-39-s-season-ticket-waiting-times,,2022,
,how many fans on Tottenham season ticket holder waiting list,,1,1,98000,no,yes,0.25,https://www.givemesport.com/88002706-premier-league-tickets-how-long-is-the-wait-for-a-season-ticket-at-each-club/#premier-league-club-39-s-season-ticket-waiting-times,,2022,
,how many fans on Everton season ticket holder waiting list,,1,1,22000,no,yes,0.25,https://www.givemesport.com/88002706-premier-league-tickets-how-long-is-the-wait-for-a-season-ticket-at-each-club/#premier-league-club-39-s-season-ticket-waiting-times,,2022,
,how many fans on Wolverhampton season ticket holder waiting list,,1,1,8000,no,yes,0.25,https://www.givemesport.com/88002706-premier-league-tickets-how-long-is-the-wait-for-a-season-ticket-at-each-club/#premier-league-club-39-s-season-ticket-waiting-times,,2022,
,how many direct flight destinations from London Heathrow,,1,1,217,yes,no,1,https://www.flightconnections.com/flights-to-london-heathrow-lhr,,2024,
,how many direct flight destinations from JFK airport,,1,1,192,yes,no,1,https://www.flightconnections.com/flights-to-new-york-city-jfk,,2024,
,how many direct flight destinations from Delhi airport,,1,1,146,yes,no,1,https://www.flightconnections.com/flights-from-new-delhi-del,,2024,
,how many direct flight destinations from Mumbai airport,,1,1,116,yes,yes,1,https://www.flightconnections.com/flights-to-mumbai-bom,,2024,
,how many direct flight destinations from Singapore Changi airport,,1,1,142,yes,no,1,https://www.flightconnections.com/flights-to-singapore-sin,,2024,
,how many direct flight destinations from Tromso airport,,0,1,31,yes,no,1,https://www.flightconnections.com/flights-to-troms%C3%B8-tos,,2024,
,how many European destinations from Frankfurt International airport,,1,1,126,yes,yes,1,https://www.fraport.com/en/newsroom/press-releases/2023/q4/frankfurt-airport-to-serve-242-destinations-worldwide-this-winte.html,,2023,
,how many international destinations from Bangalore airport,,0,1,25,yes,yes,1,https://www.timesnownews.com/bengaluru/bengaluru-airport-now-connected-to-100-destinations-records-strong-passenger-growth-in-2022-23-article-99588865,,2023,
,how many destinations from Frankfurt International airport,,1,1,242,yes,no,1,https://www.fraport.com/en/newsroom/press-releases/2023/q4/frankfurt-airport-to-serve-242-destinations-worldwide-this-winte.html,,2023,
,how many destinations from Istanbul International airport,,1,1,285,yes,no,1,https://www.flightconnections.com/flights-to-istanbul-ist,,2024,
,how many teams have never won Super Bowl,,1,1,12,yes,yes,0.25,https://en.wikipedia.org/wiki/Super_Bowl,,2023,
,how many teams have never reached Super Bowl,,1,1,4,yes,yes,0.25,https://en.wikipedia.org/wiki/List_of_Super_Bowl_champions#Super_Bowl_rematches,,2023,
,how many Super Bowls have there been,,1,1,57,yes,yes,0.25,https://en.wikipedia.org/wiki/List_of_Super_Bowl_champions#Super_Bowl_rematches,,2023,
,how many Champions League editions have there been,,0,0,68,yes,no,1,https://en.wikipedia.org/wiki/UEFA_Champions_League,,2023,not specific since it was also known by Europena cup earlier.
,how many clubs have never won the Champions League,,0,0,19,yes,yes,1,https://en.wikipedia.org/wiki/UEFA_Champions_League,,2023,not specific since the GT implies that it is the main game not the initial qualifying knowckoffs
,how many clubs have played in the Indian Super League,,0,0,14,yes,yes,1,https://en.wikipedia.org/wiki/Indian_Super_League,,2023,unsepcific becauce there are defunct teams
,how many AIFF approved football clubs in India,,0,0,3291,yes,no,0.75,https://en.wikipedia.org/wiki/List_of_football_clubs_in_India,,2023,GT most probably counts both clubs and academies
,how many clubs have won the Champions League,,1,1,23,yes,yes,1,https://www.sportingnews.com/uk/football/news/list-uefa-champions-league-winners-clubs-europe-trophy-year/kphdh2rqniwjdtlfag6373na,,2023,
,how many teams have won the ICC cricket world cup,,1,1,6,yes,yes,1,https://en.wikipedia.org/wiki/Cricket_World_Cup,,2023,
,how many drivers have participated F1 Driver's Championship,,1,1,775,yes,yes,1,https://en.wikipedia.org/wiki/List_of_Formula_One_World_Drivers%27_Champions#,,2023,
,how many drivers have won consecutive F1 Driver titles,,1,1,11,yes,yes,0.75,https://en.wikipedia.org/wiki/List_of_Formula_One_World_Drivers%27_Champions#Consecutive_Drivers'_Championships,,2023,
,how many traditional Chinese characters are there,,0,0,"[85568,106230]",no,yes,0.25,https://studycli.org/chinese-characters/number-of-characters-in-chinese/,,2023,
,how many traditional ceremonies in Zambia,,0,0,20,no,yes,0,https://www.zambiaembassy.org/page/about-zambia,,,
,how many types of gemstones are there,,0,0,300,no,yes,0,https://en.wikipedia.org/wiki/List_of_gemstones_by_species,,2013,
,how many snakes are venomous to humans,,0,0,200,no,yes,0.25,https://www.mcgill.ca/oss/article/environment-you-asked/how-does-snake-venom-kill-human,,2022,
,how many wildfires in California in 2023,,1,1,7053,yes,yes,0,https://www.fire.ca.gov/our-impact/statistics,,2023,
,how many unesco intangible cultural heritage added in 2019,,0,1,40,yes,no,0,https://ich.unesco.org/en/lists,,2019,
,how many unesco intangible cultural heritage added in 2023,,1,1,55,yes,yes,0,https://ich.unesco.org/en/lists,,2023,
,how many people live in Antarctica,,0,0,"[1000,5000]",no,yes,1,https://worldpopulationreview.com/continents/antarctica-population,,2024,
,how many people lived in Pompeii,,0,0,"[11000,11500]",no,yes,0,https://en.wikipedia.org/wiki/Pompeii,,2011,
,how many people lived in Pripyat in 1986,,0,0,49360,no,no,0,https://www.iaea.org/newscenter/focus/chernobyl/faqs,,2005,
,how many people lived in Chernobyl in 1968,,1,0,14000,no,yes,0,https://en.wikipedia.org/wiki/Chernobyl,,2000,
,how many people lived in Machu Picchu,,0,1,750,yes,yes,0,https://en.wikipedia.org/wiki/Machu_Picchu,,2010,
,how many people lived in the Palace of Versailles,,0,0,"[3000,10000]",no,yes,0,,,,
,how many passengers on Lusitania when attacked,,1,1,1266,yes,yes,0,https://en.wikipedia.org/wiki/Sinking_of_the_RMS_Lusitania,,,
,how many cities were discovered at the Indus Valley CIvilization,,0,0,1056,yes,yes,0.25,https://en.wikipedia.org/wiki/Indus_Valley_Civilisation,,2002,
,how many sites have been discovered at Indus Valley Civilization,,1,0,1400,no,yes,0.25,https://en.wikipedia.org/wiki/List_of_Indus_Valley_Civilisation_sites,,2016,
,how many settlements have been discovered at the Mayan Civiliaztion,,1,1,964,yes,no,0.25,https://www.cambridge.org/core/journals/ancient-mesoamerica/article/lidar-analyses-in-the-contiguous-miradorcalakmul-karst-basin-guatemala-an-introduction-to-new-perspectives-on-regional-early-maya-socioeconomic-and-political-organization/31075DFA8ADBAA5E7C7320CA6DB93E5E,,2022,
,how many archaeological sites from the Mayan civilization,,0,0,6000,no,yes,0.25,https://databasin.org/datasets/3aa6b24c882144d6a4197bd277ae753d/,,2010,
,how many cities were in the Roman Empire,,0,0,1388,no,no,0.25,https://en.wikipedia.org/wiki/Demography_of_the_Roman_Empire,,2016,
,how many film scores composed by SD Burman,,1,1,109,yes,no,0,https://en.wikipedia.org/wiki/S._D._Burman#1930s,,2016,
,how many Hindi film scores did R D Burman compose,,1,1,292,yes,yes,0,https://en.wikipedia.org/wiki/R._D._Burman#Discography,,,
,how many songs has S P Balasubrahmanyam recorded,,1,1,40000,no,yes,0,https://spbindia.com/about-spb/,,2020,
,how many songs has Dolly Parton written,,1,1,3000,yes,yes,0.25,https://www.grammy.com/news/songs-dolly-parton-wrote-whitney-houston-kenny-rogers,,2023,
,how many songs has Taylor Swift written,,1,1,243,yes,yes,1,https://www.rollingstone.com/music/music-lists/taylor-swift-songs-ranked-rob-sheffield-201800/a-place-in-this-world-2006-196051/,,2023,
,how many songs composed by Rabindranath Tagore,,1,1,2232,no,yes,0,https://en.wikipedia.org/wiki/Rabindra_Sangeet,,2013,
,how many songs composed by Salil Chowdhury,,0,1,155,yes,no,0,https://en.wikipedia.org/wiki/Salil_Chowdhury#Filmography,,,count rows
,how many film scores composed by Hamsalekha,,0,1,343,no,no,0.25,https://en.wikipedia.org/wiki/Hamsalekha#Discography,,2013,count rows in discography table
,how many film scores composed by A R Rahman,,1,1,174,yes,no,1,https://en.wikipedia.org/wiki/A._R._Rahman_discography,,2023,
,how many film scores has Hans Zimmer composed,,1,1,161,yes,no,1,https://en.wikipedia.org/wiki/Hans_Zimmer_discography,,2023,
,how many books has Agatha Christie written,,1,1,130,yes,yes,0,https://wordsrated.com/agatha-christie-statistics/,,2022,
,how many plays has Agatha Chrsitie written,,1,0,"[20,33]",no,yes,0,https://breakingcharacter.com/agatha-christies-plays-from-playscripts-to-playbills/,,,
,how many plays written by P G Woodehouse,,1,1,42,yes,yes,0,https://en.wikipedia.org/wiki/P._G._Wodehouse_bibliography#Plays,,,
,how many books written by P G Woodehouse,,0,0,97,yes,yes,0,https://en.wikipedia.org/wiki/P._G._Wodehouse_bibliography#,,,"counting novels, collections, poem, autobiogrpahy"
,how many screenplays written by P G Wodehouse,,1,1,20,yes,yes,0,https://en.wikipedia.org/wiki/P._G._Wodehouse_bibliography#Plays,,,
,how many novels written by Premchand,,0,1,"[14,16]",no,yes,0,https://en.wikipedia.org/wiki/Premchand#List_of_works,,,"one lost, one incomplete, and hence may not be counted by many sources"
,how many titles in the Nancy Drew series,,0,1,175,yes,yes,0,https://en.wikipedia.org/wiki/Nancy_Drew_Mystery_Stories,,,
,how many novels written by R K Narayan,,0,1,14,yes,no,0,https://www.cambridge.org/core/books/abs/r-k-narayan/introduction/BB42201BCCE3CDB92C1554787F3DE997,,2014,
,how many short stories written by R K Narayan,,0,1,200,no,no,0,https://www.cambridge.org/core/books/abs/r-k-narayan/introduction/BB42201BCCE3CDB92C1554787F3DE997,,2014,
,how many books did Humayun Ahmed write,,0,0,200,no,yes,0,https://en.wikipedia.org/wiki/Humayun_Ahmed,,2015,
,how many books did BR Ambedkar write,,0,0,32,yes,yes,0,https://www.drambedkarimages.in/2021/07/books-written-by-dr-br-ambedkar.html,,2021,
,how many plays did Rabindranath Tagore write,,1,0,49,yes,no,0,https://en.wikipedia.org/wiki/List_of_works_by_Rabindranath_Tagore,,,"count of musical drama, dance drama and drama"
,how many short stories did Rabindranath Tagore write,,1,1,104,yes,no,0,https://en.wikipedia.org/wiki/List_of_works_by_Rabindranath_Tagore,,,count short stories
,how many plays did Oscar Wilde write,,1,1,9,yes,yes,0,https://en.wikipedia.org/wiki/Oscar_Wilde_bibliography#Plays,,,
,how many screenplays did Humayun Ahmed write,,1,1,15,yes,no,0,https://en.wikipedia.org/wiki/Humayun_Ahmed#Works,,,
,how many Prodosh Mitter stories Satyajit Ray write,,1,1,35,yes,yes,0,https://en.wikipedia.org/wiki/Literary_works_of_Satyajit_Ray,,,
,how many houseboats on Dal Lake,,0,0,750,no,yes,1,https://thewire.in/environment/houseboats-on-srinagars-dal-arent-solely-or-even-primarily-responsible-for-polluting-the-lake,,2023,non-specific since not all are used as homes and  may be businesses
,how many houseboats in Seattle,,0,0,525,no,yes,0,https://houseboatsofseattle.com/frequently-asked-questions-about-floating-homes-and-houseboats-in-seattle/,,2022,
,how many houseboats in Amsterdam,,0,0,2500,no,yes,0,https://www.nytimes.com/2019/11/04/realestate/in-amsterdam-floating-homes-that-only-look-like-ships.html,,2019,
,how many houseboats are there in Sausalito,,0,0,400,no,yes,0.25,https://www.sausalito.com/story/Sausalitos-Houseboats/575259,,,
,how many films premiered in Berlinale 2022,,1,1,256,yes,no,0,https://www.berlinale.de/en/archive/yearbooks/2022.html,,2022,
,how many films premiered in TIFF in 2022,,1,1,240,no,yes,0,https://en.wikipedia.org/wiki/2022_Toronto_International_Film_Festival,,2022,200 feature and 40 short films
,how many screenings at Berlinale 2022,,1,1,1093,yes,no,0,https://www.berlinale.de/en/archive/yearbooks/2022.html,,2022,
,how many films in competition for the Golden Lion in 2022,,1,1,23,yes,yes,0,https://en.wikipedia.org/wiki/79th_Venice_International_Film_Festival#In_Competition,,2022,count rows
,how many films submitted to Cannes Film Festival in 2022,,0,0,2000,no,yes,0,https://variety.com/2022/film/global/cannes-film-festival-thierry-fremaux-2022-preview-1235227295/,,2022,GT is for feature films
,how many short film submissions to Sundance film festival in 2022,,1,1,10374,yes,yes,0,https://www.sundance.org/blogs/sundance-film-festival-announces-2022-short-films-from-the-collection-retrospective-titles-in-celebration-of-sundance-institutes-40th-anniversary/,,2022,
,how many journalists attend Cannes film festival,,1,0,4000,no,yes,1,https://www.festival-cannes.com/en/press/accreditation/,,,
,how many journalists attended Berlinale 2022,,1,1,1628,yes,yes,0,https://www.berlinale.de/en/archive/yearbooks/2022.html,,2022,
,how many journalists attended Venice film festival 2022,,0,0,2195,yes,yes,0,https://www.labiennale.org/en/news/79th-venice-international-film-festival-numbers,,2022,
,how many submissions to Berlinale 2022,,0,0,6755,yes,yes,0,https://www.berlinale.de/en/archive/yearbooks/2022.html,,2022,
